name,node,network_schedule,# QKD,# BQC,# PP,solve_time,makespan,PUF_both,PUF_CPU,PUF_QPU
temp_results,Bob,False,0,0,12,1.926509141921997,17281500,1.0,0.1399184098602552,0.8610363683708011
temp_results,Alice,False,0,0,12,4.865741729736328,17521000,1.0,0.1383482677929342,0.862279550253981
temp_results,Alice,False,12,0,0,7.000488758087158,31708000,1.0,0.19225432067617,0.9839788066103192
temp_results,Bob,False,12,0,0,5.822791814804077,31708000,1.0,0.19225432067617,0.9839788066103192
temp_results,Alice,False,0,0,40,10.832525968551636,58401000,1.0,0.1383537953117241,0.8623140014725775
temp_results,Alice,False,0,0,40,20.343621253967285,58401000,1.0,0.13835379531172412,0.8623140014725775
